{"cameraMode":{"drawMode":0,"name":"Shaded","section":"Shading Mode"},"sceneLighting":false,"audioPlay":false,"sceneViewState":{"showFog":true,"showMaterialUpdate":false,"showSkybox":true,"showFlares":true,"showImageEffects":true,"showParticleSystems":true},"in2DMode":false,"pivot":{"x":264.2305603027344,"y":55.4071044921875,"z":-280.90155029296877},"rotation":{"x":-0.010772168636322022,"y":0.6811327934265137,"z":-0.7320294380187988,"w":-0.010006040334701538},"size":600.6605224609375,"orthographic":true}