{"cameraMode":{"drawMode":0,"name":"Shaded","section":"Shading Mode"},"sceneLighting":false,"audioPlay":false,"sceneViewState":{"showFog":true,"showMaterialUpdate":false,"showSkybox":true,"showFlares":true,"showImageEffects":true,"showParticleSystems":true},"in2DMode":false,"pivot":{"x":201.60520935058595,"y":-59.6837158203125,"z":-300.47119140625},"rotation":{"x":0.611724853515625,"y":-0.08146653324365616,"z":0.06354150921106339,"w":0.7843073606491089},"size":585.6395263671875,"orthographic":false}