{"cameraMode":{"drawMode":0,"name":"Shaded","section":"Shading Mode"},"sceneLighting":false,"audioPlay":false,"sceneViewState":{"showFog":true,"showMaterialUpdate":false,"showSkybox":true,"showFlares":true,"showImageEffects":true,"showParticleSystems":true},"in2DMode":false,"pivot":{"x":-794.3451538085938,"y":2.732990264892578,"z":40.21918487548828},"rotation":{"x":0.3311428427696228,"y":-0.1630452573299408,"z":0.058207470923662189,"w":0.9275670051574707},"size":676.150634765625,"orthographic":false}