{"cameraMode":{"drawMode":0,"name":"Shaded","section":"Shading Mode"},"sceneLighting":false,"audioPlay":false,"sceneViewState":{"showFog":true,"showMaterialUpdate":false,"showSkybox":true,"showFlares":true,"showImageEffects":true,"showParticleSystems":true},"in2DMode":false,"pivot":{"x":-12.850000381469727,"y":-0.009999990463256836,"z":-4.650000095367432},"rotation":{"x":0.5002184510231018,"y":-0.03764284402132034,"z":0.02177318185567856,"w":0.8648070693016052},"size":20.72766876220703,"orthographic":false}